{
  "blocks": {
    "gif-file-loader": {
      "x": 150,
      "y": 64,
      "outputLinks": {
        "imageData": [
          {
            "lcd-imagedata": "imageData"
          }
        ]
      },
      "inputValues": {
        "filename": "../../resources/9.gif",
        "animate": true,
        "fps": 30
      }
    },
    "image-loader": {
      "x": -110,
      "y": 107,
      "outputLinks": {
        "imageData": []
      },
      "inputValues": {
        "filename": "../../resources/cat-small.jpeg"
      }
    },
    "lcd-imagedata": {
      "x": 337,
      "y": 40,
      "inputValues": {
        "noise": 8.181818181818182,
        "subWidth": 2,
        "subHeight": 6,
        "zoom": 95.83333333333334,
        "test": {
          "hsl": {
            "h": 148.84615384615387,
            "s": 0.5253203172666259,
            "l": 0.26866488,
            "a": 1
          },
          "hex": "#216843",
          "rgb": {
            "r": 33,
            "g": 104,
            "b": 67,
            "a": 1
          },
          "hsv": {
            "h": 148.84615384615387,
            "s": 0.6888,
            "v": 0.40979999999999994,
            "a": 1
          },
          "oldHue": 148.84615384615387,
          "source": "hsv"
        },
        "colorVariation": 20,
        "colorVariance": 70,
        "invertColors": false,
        "hueShift": 64.81944444444444,
        "shiftHue": true,
        "fill_Color": {
          "hsl": {
            "h": 249.99999999999994,
            "s": 0.9158028607138065,
            "l": 0.616376515,
            "a": 1
          },
          "hex": "#6144f7",
          "rgb": {
            "r": 97,
            "g": 68,
            "b": 247,
            "a": 1
          },
          "hsv": {
            "h": 249.99999999999994,
            "s": 0.7261,
            "v": 0.9677,
            "a": 1
          },
          "oldHue": 249.99999999999994,
          "source": "hsv"
        },
        "fill_Amount": 0.2708333333333333
      },
      "outputLinks": {}
    }
  },
  "renderOrder": [
    "image-loader",
    "gif-file-loader",
    "lcd-imagedata"
  ],
  "name": "Untitled"
}
