{
  "blocks": {
    "gif-file-loader": {
      "x": 143,
      "y": 100,
      "outputLinks": {
        "imageData": [
          {
            "rgb-split": "imageDataIn"
          }
        ],
        "filename": []
      },
      "inputValues": {
        "filename": "../../resources/9.gif",
        "animate": true,
        "fps": 25
      }
    },
    "image-loader": {
      "x": -237,
      "y": -7,
      "outputLinks": {
        "imageData": []
      },
      "inputValues": {
        "filename": "../../resources/cat-small.jpeg"
      }
    },
    "lcd-imagedata": {
      "x": 447,
      "y": 94,
      "inputValues": {
        "noise": 0.20833333333333331,
        "subWidth": 2,
        "subHeight": 6,
        "zoom": 84.375,
        "test": {
          "hsl": {
            "h": 148.84615384615387,
            "s": 0.5253203172666259,
            "l": 0.26866488,
            "a": 1
          },
          "hex": "#216843",
          "rgb": {
            "r": 33,
            "g": 104,
            "b": 67,
            "a": 1
          },
          "hsv": {
            "h": 148.84615384615387,
            "s": 0.6888,
            "v": 0.40979999999999994,
            "a": 1
          },
          "oldHue": 148.84615384615387,
          "source": "hsv"
        },
        "colorVariation": 20,
        "colorVariance": 10,
        "invertColors": false,
        "hueShift": 14.958333333333332,
        "shiftHue": false,
        "fill_Color": {
          "hsl": {
            "h": 249.99999999999994,
            "s": 0.9158028607138065,
            "l": 0.616376515,
            "a": 1
          },
          "hex": "#6144f7",
          "rgb": {
            "r": 97,
            "g": 68,
            "b": 247,
            "a": 1
          },
          "hsv": {
            "h": 249.99999999999994,
            "s": 0.7261,
            "v": 0.9677,
            "a": 1
          },
          "oldHue": 249.99999999999994,
          "source": "hsv"
        },
        "fill_Amount": 0
      },
      "outputLinks": {}
    },
    "rgb-split": {
      "x": 303,
      "y": 97,
      "outputLinks": {
        "imageDataOut": [
          {
            "lcd-imagedata": "imageData"
          }
        ]
      },
      "inputValues": {
        "red": 0.3092783505154628,
        "blue": -0.10309278350515427,
        "green": 0.19230769230769162
      }
    }
  },
  "renderOrder": [
    "image-loader",
    "gif-file-loader",
    "lcd-imagedata",
    "rgb-split"
  ],
  "name": "Untitled"
}
